<?xml version="1.0"?>
<Runs Version="1" Minor="0">
	<Run Id="CORTEXM0DS_synth_1" LaunchDir="D:/学习文件/Embedded Lab/Final_SOC/Report/26 april/DES_SoC/DES_SoC/Hardware/DES_M0_SoC.runs/CORTEXM0DS_synth_1" FlowId="Vivado_Synthesis" FromStepId="vivado" ToStepId="vivado"/>
	<Run Id="blk_mem_4Kword_synth_1" LaunchDir="D:/学习文件/Embedded Lab/Final_SOC/Report/26 april/DES_SoC/DES_SoC/Hardware/DES_M0_SoC.runs/blk_mem_4Kword_synth_1" FlowId="Vivado_Synthesis" FromStepId="vivado" ToStepId="vivado"/>
	<Run Id="blk_mem_8Kword_synth_1" LaunchDir="D:/学习文件/Embedded Lab/Final_SOC/Report/26 april/DES_SoC/DES_SoC/Hardware/DES_M0_SoC.runs/blk_mem_8Kword_synth_1" FlowId="Vivado_Synthesis" FromStepId="vivado" ToStepId="vivado"/>
	<Run Id="synth_1" LaunchDir="D:/学习文件/Embedded Lab/Final_SOC/Report/26 april/DES_SoC/DES_SoC/Hardware/DES_M0_SoC.runs/synth_1" FlowId="Vivado_Synthesis" FromStepId="vivado" ToStepId="vivado">
		<Parent Id="CORTEXM0DS_synth_1"/>
		<Parent Id="blk_mem_4Kword_synth_1"/>
		<Parent Id="blk_mem_8Kword_synth_1"/>
	</Run>
</Runs>

